publisher-location,reference-count,publisher,short-container-title,DOI,type,source,is-referenced-by-count,title,prefix,author,member,container-title,original-title,score,subtitle,short-title,references-count,URL,subject,indexed.date-parts,indexed.date-time,indexed.timestamp,content-domain.domain,content-domain.crossmark-restriction,published-print.date-parts,created.date-parts,created.date-time,created.timestamp,deposited.date-parts,deposited.date-time,deposited.timestamp,resource.primary.URL,issued.date-parts,published.date-parts,page,volume,ISSN,issn-type,issue,language,journal-issue.issue,journal-issue.published-print.date-parts,institution,license,abstract,subtype,posted.date-parts,editor,standards-body.name,standards-body.acronym,approved.date-parts
London :,0,"H.G. Bohn,",[],10.5962/bhl.title.49941,monograph,Crossref,1,['A selection of the birds of Brazil and Mexico : the drawings /'],10.5962,"[{'given': 'William', 'family': 'Swainson', 'sequence': 'first', 'affiliation': []}]",3444,[],[],1,[],[],0,https://doi.org/10.5962/bhl.title.49941,[],"[[2022, 10, 5]]",2022-10-05T17:49:47Z,1664992187989,[],False,[[1841]],"[[2011, 11, 23]]",2011-11-23T21:51:04Z,1322085064000,"[[2011, 11, 23]]",2011-11-23T21:51:19Z,1322085079000,http://www.biodiversitylibrary.org/bibliography/49941,[[1841]],[[1841]],,,,,,,,,,,,,,,,,
"Washington, D.C. :",0,"U.S. Dept. of Agriculture,",[],10.5962/bhl.title.108915,monograph,Crossref,1,['Land reclamation policies in the United States /'],10.5962,"[{'given': 'R. P.', 'family': 'Teele', 'sequence': 'first', 'affiliation': []}]",3444,[],[],1,[],[],0,https://doi.org/10.5962/bhl.title.108915,[],"[[2022, 12, 20]]",2022-12-20T14:08:19Z,1671545299039,[],False,[[1924]],"[[2015, 10, 19]]",2015-10-19T06:38:54Z,1445236734000,"[[2015, 10, 19]]",2015-10-19T06:38:54Z,1445236734000,http://www.biodiversitylibrary.org/bibliography/108915,[[1924]],[[1924]],,,,,,,,,,,,,,,,,
"Portland, Or. :",0,"Pacific Northwest Forest and Range Experiment Station, U.S. Dept. of Agriculture,",[],10.5962/bhl.title.94153,monograph,Crossref,2,['Pruning of ponderosa pine : effect on growth /'],10.5962,"[{'given': 'James W.', 'family': 'Barrett', 'sequence': 'first', 'affiliation': []}]",3444,[],[],1,[],[],0,https://doi.org/10.5962/bhl.title.94153,[],"[[2023, 8, 19]]",2023-08-19T02:13:24Z,1692411204221,[],False,[[1968]],"[[2014, 9, 14]]",2014-09-14T06:00:53Z,1410674453000,"[[2014, 9, 14]]",2014-09-14T06:00:53Z,1410674453000,http://www.biodiversitylibrary.org/bibliography/94153,[[1968]],[[1968]],,,,,,,,,,,,,,,,,
,0,Smithsonian Institution,[],10.5962/bhl.part.23369,journal-article,Crossref,1,['Zwei neue südamerikanische Microdon-Arten'],10.5962,"[{'given': 'Mario', 'family': 'Bezzi', 'sequence': 'first', 'affiliation': []}]",3444,['Wiener entomologische Zeitung.'],[],1,[],[],0,https://doi.org/10.5962/bhl.part.23369,[],"[[2023, 8, 18]]",2023-08-18T19:08:52Z,1692385732211,[],False,[[1910]],"[[2016, 1, 15]]",2016-01-15T09:04:54Z,1452848694000,"[[2016, 1, 15]]",2016-01-15T09:04:54Z,1452848694000,http://www.biodiversitylibrary.org/part/23369,[[1910]],[[1910]],319-320,29,['1562-0891'],"[{'value': '1562-0891', 'type': 'print'}]",,,,,,,,,,,,,
,0,Smithsonian Institution,[],10.5479/si.00963801.30-1462.695,journal-article,Crossref,2,"['List of fishes collected on Tanega and Yaku, offshore islands of southern Japan, by Robert Van Vleck Anderson, with descriptions of seven new species']",10.5479,"[{'given': 'David Starr', 'family': 'Jordan', 'sequence': 'first', 'affiliation': []}, {'given': 'Edwin Chapin', 'family': 'Starks', 'sequence': 'additional', 'affiliation': []}]",3444,['Proceedings of the United States National Museum'],[],1,[],[],0,https://doi.org/10.5479/si.00963801.30-1462.695,[],"[[2023, 8, 18]]",2023-08-18T17:53:06Z,1692381186330,[],False,[[1906]],"[[2011, 10, 11]]",2011-10-11T21:18:02Z,1318367882000,"[[2014, 7, 15]]",2014-07-15T21:11:49Z,1405458709000,https://repository.si.edu/handle/10088/13889,[[1906]],[[1906]],695-706,30,['0096-3801'],"[{'value': '0096-3801', 'type': 'print'}]",1462,en,1462,[[1906]],,,,,,,,,
Buffalo :,0,"Matthews-Northrup,",[],10.5962/bhl.title.33142,monograph,Crossref,2,"['Where, when, and how to catch fish on the east coast of Florida, by William H. Gregg, assisted by Capt. John Gardner.']",10.5962,"[{'given': 'William H.', 'family': 'Gregg', 'sequence': 'first', 'affiliation': []}]",3444,[],[],1,[],[],0,https://doi.org/10.5962/bhl.title.33142,[],"[[2023, 10, 26]]",2023-10-26T20:08:33Z,1698350913746,[],False,[[1902]],"[[2011, 11, 22]]",2011-11-22T22:05:43Z,1321999543000,"[[2011, 11, 22]]",2011-11-22T22:05:53Z,1321999553000,http://www.biodiversitylibrary.org/bibliography/33142,[[1902]],[[1902]],,,,,,,,,,,,,,,,,
,0,Smithsonian Institution,[],10.5962/p.313802,journal-article,Crossref,2,"[""Placopsilina' cenomana d'Orbigny from France and England and the type species of Placopsilina d'Orbigny, 1850 (Foraminifera)""]",10.5962,"[{'given': 'Richard Lloyd', 'family': 'Hodgkinson', 'sequence': 'first', 'affiliation': []}]",3444,['Bulletin of the British Museum (Natural History) Geology'],[],1,[],[],0,https://doi.org/10.5962/p.313802,[],"[[2023, 5, 16]]",2023-05-16T09:33:12Z,1684229592615,[],False,"[[1992, 6, 25]]","[[2021, 6, 10]]",2021-06-10T08:04:46Z,1623312286000,"[[2021, 6, 10]]",2021-06-10T08:04:46Z,1623312286000,https://www.biodiversitylibrary.org/part/313802,"[[1992, 6, 25]]","[[1992, 6, 25]]",1-8,48,['0007-1471'],"[{'value': '0007-1471', 'type': 'print'}]",1,,1,"[[1992, 6, 25]]",,,,,,,,,
,0,[s.n.],[],10.5962/bhl.title.142240,monograph,Crossref,1,"['McFarlane, Robert W., 1963']",10.5962,"[{'given': 'Robert W.', 'family': 'McFarlane', 'sequence': 'first', 'affiliation': []}]",3444,[],[],1,[],[],0,https://doi.org/10.5962/bhl.title.142240,[],"[[2023, 9, 1]]",2023-09-01T02:14:51Z,1693534491942,[],False,[[1963]],"[[2017, 12, 17]]",2017-12-17T01:02:11Z,1513472531000,"[[2017, 12, 17]]",2017-12-17T01:02:11Z,1513472531000,https://www.biodiversitylibrary.org/bibliography/142240,[[1963]],[[1963]],,,,,,,,,,,,,,,,,
"New York,",0,The Greenwich printing company,[],10.5962/bhl.title.42454,monograph,Crossref,1,"['Trees and shrubs of Prospect park,']",10.5962,"[{'given': 'Louis Harman', 'family': 'Peet', 'sequence': 'first', 'affiliation': []}]",3444,[],[],1,[],[],0,https://doi.org/10.5962/bhl.title.42454,[],"[[2023, 6, 22]]",2023-06-22T11:08:54Z,1687432134629,[],False,[[1906]],"[[2011, 11, 23]]",2011-11-23T17:27:20Z,1322069240000,"[[2011, 11, 23]]",2011-11-23T17:27:35Z,1322069255000,http://www.biodiversitylibrary.org/bibliography/42454,[[1906]],[[1906]],,,,,,,,,,,,,,,,,
"Washington, D.C. :",0,"U.S. Dept. of Agriculture,",[],10.5962/bhl.title.65831,monograph,Crossref,3,['The rat mite attacking man /'],10.5962,"[{'given': 'F. C.', 'family': 'Bishopp', 'sequence': 'first', 'affiliation': []}]",3444,[],[],1,[],[],0,https://doi.org/10.5962/bhl.title.65831,[],"[[2023, 9, 12]]",2023-09-12T19:28:02Z,1694546882414,[],False,[[1923]],"[[2013, 6, 30]]",2013-06-30T06:04:19Z,1372572259000,"[[2013, 6, 30]]",2013-06-30T06:04:19Z,1372572259000,http://www.biodiversitylibrary.org/bibliography/65831,[[1923]],[[1923]],,,,,,,,,,,,,,,,,
,0,Smithsonian Institution,[],10.5479/si.00775630.29.1,journal-article,Crossref,4,['A Summary of Information on Rose Atoll'],10.5479,"[{'given': 'Marie-Hélène', 'family': 'Sachet', 'sequence': 'first', 'affiliation': []}]",3444,['Atoll Research Bulletin'],[],1,[],[],0,https://doi.org/10.5479/si.00775630.29.1,[],"[[2023, 10, 15]]",2023-10-15T13:17:49Z,1697375869046,[],False,[[1954]],"[[2012, 11, 5]]",2012-11-05T14:58:41Z,1352127521000,"[[2022, 12, 1]]",2022-12-01T22:14:00Z,1669932840000,https://repository.si.edu/handle/10088/5033,[[1954]],[[1954]],1-25,29,['0077-5630'],"[{'value': '0077-5630', 'type': 'print'}]",,en,,,,,,,,,,,
,0,Smithsonian Institution,[],10.5479/si.00963801.1126.457,journal-article,Crossref,1,"['Preliminary diagnoses of new mammals of the genera Lynx, Urocyon, Spilegale, and Mephitis, from the Mexican boundary line']",10.5479,"[{'given': 'Edgar A.', 'family': 'Mearna', 'sequence': 'first', 'affiliation': []}]",3444,['Proceedings of the United States National Museum'],[],1,[],[],0,https://doi.org/10.5479/si.00963801.1126.457,[],"[[2022, 8, 19]]",2022-08-19T12:47:38Z,1660913258488,[],False,[[1897]],"[[2011, 8, 1]]",2011-08-01T16:57:41Z,1312217861000,"[[2014, 7, 15]]",2014-07-15T16:41:48Z,1405442508000,https://repository.si.edu/handle/10088/13484,[[1897]],[[1897]],457-461,20,['0096-3801'],"[{'value': '0096-3801', 'type': 'print'}]",1126,en,1126,[[1897]],,,,,,,,,
"Washington, D.C. :",0,"U.S. Dept. of Agriculture,",[],10.5962/bhl.title.109197,monograph,Crossref,2,['Taros and yautias : promising new food plants for the South /'],10.5962,"[{'given': 'Robert A.', 'family': 'Young', 'sequence': 'first', 'affiliation': []}]",3444,[],[],1,[],[],0,https://doi.org/10.5962/bhl.title.109197,[],"[[2023, 8, 26]]",2023-08-26T15:16:11Z,1693062971357,[],False,[[1924]],"[[2015, 10, 19]]",2015-10-19T06:48:28Z,1445237308000,"[[2015, 10, 19]]",2015-10-19T06:48:28Z,1445237308000,http://www.biodiversitylibrary.org/bibliography/109197,[[1924]],[[1924]],,,,,,,,,,,,,,,,,
New York :,0,"Published for the trade,",[],10.5962/bhl.title.63910,monograph,Crossref,1,"[""The Taxidermist's guide : a complete instructor in the art of collecting, preparing, mounting and preserving all kinds of animals, birds, fishes, reptiles and insects /""]",10.5962,"[{'given': 'Jonathan', 'family': 'Dwight', 'sequence': 'first', 'affiliation': []}, {'given': 'Marcia Brady', 'family': 'Tucker', 'sequence': 'additional', 'affiliation': []}]",3444,[],[],1,[],[],0,https://doi.org/10.5962/bhl.title.63910,[],"[[2023, 10, 26]]",2023-10-26T08:58:31Z,1698310711954,[],False,[[1870]],"[[2013, 4, 7]]",2013-04-07T06:00:38Z,1365314438000,"[[2013, 4, 7]]",2013-04-07T06:00:39Z,1365314439000,http://www.biodiversitylibrary.org/bibliography/63910,[[1870]],[[1870]],,,,,,,,,,,,,,,,,
,0,Smithsonian Institution,[],10.5479/si.00810282.250,journal-article,Crossref,5,"['West African Myodocopid Ostracoda (Sarsiellidae, Rutidermatidae)']",10.5479,"[{'given': 'Louis S.', 'family': 'Kornicker', 'sequence': 'first', 'affiliation': []}, {'given': 'F. E.', 'family': 'Caraion', 'sequence': 'additional', 'affiliation': []}]",3444,['Smithsonian Contributions to Zoology'],[],1,[],[],0,https://doi.org/10.5479/si.00810282.250,[],"[[2023, 10, 27]]",2023-10-27T09:01:52Z,1698397312019,[],False,[[1978]],"[[2011, 4, 27]]",2011-04-27T16:59:19Z,1303923559000,"[[2022, 12, 1]]",2022-12-01T22:13:57Z,1669932837000,https://repository.si.edu/handle/10088/5601,[[1978]],[[1978]],1-110,,['0081-0282'],"[{'value': '0081-0282', 'type': 'print'}]",250,en,250,[[1978]],,,,,,,,,
,0,Smithsonian Institution,[],10.5962/bhl.part.1065,journal-article,Crossref,5,['Mammals from Ecuador and related forms'],10.5962,,3444,['Arkiv för zoologi / utgivet af K. Svenska vetenskaps-akademien.'],[],1,[],[],0,https://doi.org/10.5962/bhl.part.1065,[],"[[2023, 11, 3]]",2023-11-03T07:36:07Z,1698996967240,[],False,[[1913]],"[[2016, 1, 14]]",2016-01-14T04:27:56Z,1452745676000,"[[2016, 1, 14]]",2016-01-14T04:27:56Z,1452745676000,http://www.biodiversitylibrary.org/part/1065,[[1913]],[[1913]],1-3,8,['0004-2110'],"[{'value': '0004-2110', 'type': 'print'}]",,,,,,,,,,,,,
,0,Smithsonian Institution,[],10.5479/si.00775630.93.1,journal-article,Crossref,10,"['A brief study of the cays of Arrecife Alacran, a Mexican atoll']",10.5479,"[{'given': 'F. Raymond', 'family': 'Fosberg', 'sequence': 'first', 'affiliation': []}]",3444,['Atoll Research Bulletin'],[],1,[],[],0,https://doi.org/10.5479/si.00775630.93.1,[],"[[2023, 11, 2]]",2023-11-02T19:42:49Z,1698954169285,[],False,[[1962]],"[[2012, 11, 5]]",2012-11-05T14:58:41Z,1352127521000,"[[2022, 12, 1]]",2022-12-01T22:14:01Z,1669932841000,https://repository.si.edu/handle/10088/4935,[[1962]],[[1962]],1-25,93,['0077-5630'],"[{'value': '0077-5630', 'type': 'print'}]",,en,,,,,,,,,,,
Albany :,0,"E. H. Pease & Co.,",[],10.5962/bhl.title.33014,monograph,Crossref,0,"['Elements of scientific agriculture : or, The connection between science and the art of practical farming / By John P. Norton.']",10.5962,"[{'given': 'John Pitkin', 'family': 'Norton', 'sequence': 'first', 'affiliation': []}, {'given': 'John Pitkin', 'family': 'Norton', 'sequence': 'additional', 'affiliation': []}]",3444,[],[],1,[],[],0,https://doi.org/10.5962/bhl.title.33014,[],"[[2022, 4, 3]]",2022-04-03T12:25:54Z,1648988754703,[],False,[[1850]],"[[2011, 11, 22]]",2011-11-22T22:05:01Z,1321999501000,"[[2011, 11, 22]]",2011-11-22T22:05:15Z,1321999515000,http://www.biodiversitylibrary.org/bibliography/33014,[[1850]],[[1850]],,,,,,,,,,,,,,,,,
Toronto :,0,"William Briggs,",[],10.5962/bhl.title.28774,monograph,Crossref,0,"[""Nature's miracles : familiar talks on science / by Elisha Gray.""]",10.5962,"[{'given': 'Elisha', 'family': 'Gray', 'sequence': 'first', 'affiliation': []}]",3444,[],[],1,[],[],0,https://doi.org/10.5962/bhl.title.28774,[],"[[2022, 4, 3]]",2022-04-03T12:27:39Z,1648988859485,[],False,[[1899]],"[[2011, 11, 22]]",2011-11-22T21:12:23Z,1321996343000,"[[2011, 11, 22]]",2011-11-22T21:12:32Z,1321996352000,http://www.biodiversitylibrary.org/bibliography/28774,[[1899]],[[1899]],,,,,,,,,,,,,,,,,
"Bridgman, Michigan :",0,"Dass Nursery Company,",[],10.5962/bhl.title.140653,monograph,Crossref,0,"['Dass plant guide : catalogue and price list of strawberry plants, cane fruit plants, grape vines, fruit trees and asparagus : season 1928 /']",10.5962,"[{'name': 'Dass Nursery Company.', 'sequence': 'first', 'affiliation': []}, {'name': 'Henry G. Gilbert Nursery and Seed Trade Catalog Collection.', 'sequence': 'additional', 'affiliation': []}]",3444,[],[],1,[],[],0,https://doi.org/10.5962/bhl.title.140653,[],"[[2022, 4, 3]]",2022-04-03T10:12:09Z,1648980729671,[],False,[[1928]],"[[2017, 11, 12]]",2017-11-12T01:01:41Z,1510448501000,"[[2017, 11, 12]]",2017-11-12T01:01:41Z,1510448501000,https://www.biodiversitylibrary.org/bibliography/140653,[[1928]],[[1928]],,,,,,,,,,,,,,,,,
"New York,",0,"Lea & Febiger,",[],10.5962/bhl.title.26910,monograph,Crossref,0,"['The principles of bacteriology: a practical manual for students and physicians, by A. C. Abbott.']",10.5962,"[{'given': 'A.C.', 'family': 'Abbott', 'sequence': 'first', 'affiliation': []}]",3444,[],[],1,[],[],0,https://doi.org/10.5962/bhl.title.26910,[],"[[2022, 4, 4]]",2022-04-04T20:21:29Z,1649103689371,[],False,[[1915]],"[[2011, 11, 22]]",2011-11-22T15:45:15Z,1321976715000,"[[2011, 11, 22]]",2011-11-22T15:45:29Z,1321976729000,http://www.biodiversitylibrary.org/bibliography/26910,[[1915]],[[1915]],,,,,,,,,,,,,,,,,
,0,Smithsonian Institution,[],10.5962/bhl.part.4855,journal-article,Crossref,0,['Description of a new tiger-beetle from the Northern Territory'],10.5962,"[{'given': 'T G', 'family': 'Sloane', 'sequence': 'first', 'affiliation': []}]",3444,['Proceedings of the Linnean Society of New South Wales.'],[],1,[],[],0,https://doi.org/10.5962/bhl.part.4855,[],"[[2022, 4, 4]]",2022-04-04T20:08:16Z,1649102896606,[],False,[[1917]],"[[2016, 1, 14]]",2016-01-14T05:42:32Z,1452750152000,"[[2016, 1, 14]]",2016-01-14T05:42:32Z,1452750152000,http://www.biodiversitylibrary.org/part/4855,[[1917]],[[1917]],337-338,42,['0370-047X'],"[{'value': '0370-047X', 'type': 'print'}]",,,,,,,,,,,,,
"Janesville, Wis. :",0,"Kellogg's Nursery,",[],10.5962/bhl.title.117805,monograph,Crossref,0,"['New illustrated and descriptive catalog of fruit and ornamental trees, small fruits, shrubs, vines and roses /']",10.5962,"[{'name': ""Kellogg's Nursery (Janesville, Wis.)"", 'sequence': 'first', 'affiliation': []}, {'name': 'Henry G. Gilbert Nursery and Seed Trade Catalog Collection.', 'sequence': 'additional', 'affiliation': []}]",3444,[],[],1,[],[],0,https://doi.org/10.5962/bhl.title.117805,[],"[[2022, 4, 3]]",2022-04-03T09:39:54Z,1648978794208,[],False,[[1919]],"[[2016, 5, 23]]",2016-05-23T15:46:13Z,1464018373000,"[[2016, 5, 23]]",2016-05-23T15:46:14Z,1464018374000,http://www.biodiversitylibrary.org/bibliography/117805,[[1919]],[[1919]],,,,,,,,,,,,,,,,,
[New Jersey] :,0,"Published by the author,",[],10.5962/bhl.title.14483,monograph,Crossref,0,['The birds of Somerset Hills / by John Dryden Kuser.'],10.5962,"[{'given': 'John Dryden', 'family': 'Kuser', 'sequence': 'first', 'affiliation': []}]",3444,[],[],1,[],[],0,https://doi.org/10.5962/bhl.title.14483,[],"[[2022, 4, 3]]",2022-04-03T10:32:47Z,1648981967008,[],False,[[1912]],"[[2011, 11, 22]]",2011-11-22T00:26:13Z,1321921573000,"[[2011, 11, 22]]",2011-11-22T00:26:35Z,1321921595000,http://www.biodiversitylibrary.org/bibliography/14483,[[1912]],[[1912]],,,,,,,,,,,,,,,,,
Tours [France] :,0,"A. Mame,",[],10.5962/bhl.title.61362,monograph,Crossref,0,['Voyages et découvertes outre mer au XIXe siècle'],10.5962,"[{'given': 'Arthur', 'family': 'Mangin', 'sequence': 'first', 'affiliation': []}]",3444,[],[],1,[],[],0,https://doi.org/10.5962/bhl.title.61362,[],"[[2022, 4, 3]]",2022-04-03T10:36:49Z,1648982209695,[],False,[[1875]],"[[2012, 8, 26]]",2012-08-26T06:00:35Z,1345960835000,"[[2012, 8, 26]]",2012-08-26T06:00:35Z,1345960835000,http://www.biodiversitylibrary.org/bibliography/61362,[[1875]],[[1875]],,,,,,,,,,,,,,,,,
,0,[s.n.],[],10.5962/bhl.title.147308,monograph,Crossref,0,"['Nihoa Island, July - August 1966, R. Heiden']",10.5962,"[{'given': 'Richard S.', 'family': 'Heiden', 'sequence': 'first', 'affiliation': []}]",3444,[],[],1,[],[],0,https://doi.org/10.5962/bhl.title.147308,[],"[[2022, 4, 3]]",2022-04-03T10:42:12Z,1648982532071,[],False,[[1966]],"[[2018, 4, 23]]",2018-04-23T05:00:45Z,1524459645000,"[[2018, 4, 23]]",2018-04-23T05:00:45Z,1524459645000,https://www.biodiversitylibrary.org/bibliography/147308,[[1966]],[[1966]],,,,,,,,,,,,,,,,,
"Louisville, Kentucky :",0,"Hall Seed Company, Incorporated,",[],10.5962/bhl.title.138321,monograph,Crossref,0,"[""Hall's premium seed book for season of 1927 /""]",10.5962,"[{'name': 'Hall Seed Co.', 'sequence': 'first', 'affiliation': []}, {'name': 'Henry G. Gilbert Nursery and Seed Trade Catalog Collection.', 'sequence': 'additional', 'affiliation': []}]",3444,[],[],1,[],[],0,https://doi.org/10.5962/bhl.title.138321,[],"[[2022, 4, 3]]",2022-04-03T10:14:16Z,1648980856415,[],False,[[1927]],"[[2017, 9, 17]]",2017-09-17T01:03:18Z,1505610198000,"[[2017, 9, 17]]",2017-09-17T01:03:19Z,1505610199000,http://www.biodiversitylibrary.org/bibliography/138321,[[1927]],[[1927]],,,,,,,,,,,,,,,,,
"Louisville, Ky. :",0,"Herndon-Carter Co.,",[],10.5962/bhl.title.104186,monograph,Crossref,0,['Cow peas and onion sets : [price list] /'],10.5962,"[{'name': 'Herndon-Carter Co.', 'sequence': 'first', 'affiliation': []}, {'name': 'Henry G. Gilbert Nursery and Seed Trade Catalog Collection.', 'sequence': 'additional', 'affiliation': []}]",3444,[],[],1,[],[],0,https://doi.org/10.5962/bhl.title.104186,[],"[[2022, 4, 4]]",2022-04-04T19:15:55Z,1649099755491,[],False,[[1911]],"[[2015, 6, 28]]",2015-06-28T06:04:11Z,1435471451000,"[[2015, 6, 28]]",2015-06-28T06:04:11Z,1435471451000,http://www.biodiversitylibrary.org/bibliography/104186,[[1911]],[[1911]],,,,,,,,,,,,,,,,,
New York :,0,"Rural publishing company,",[],10.5962/bhl.title.101143,monograph,Crossref,0,"[""The horticulturist's rule-book : a compendium of useful information for fruit-growers, truck-gardeners, florists and others. Completed to the beginning of the year 1892 /""]",10.5962,"[{'given': 'L. H.', 'family': 'Bailey', 'sequence': 'first', 'affiliation': []}]",3444,[],[],1,[],[],0,https://doi.org/10.5962/bhl.title.101143,[],"[[2022, 4, 4]]",2022-04-04T19:15:28Z,1649099728591,[],False,[[1892]],"[[2015, 4, 3]]",2015-04-03T10:11:18Z,1428055878000,"[[2015, 4, 3]]",2015-04-03T10:11:19Z,1428055879000,http://www.biodiversitylibrary.org/bibliography/101143,[[1892]],[[1892]],,,,,,,,,,,,,,,,,
Philadelphia :,0,"T. & J. W. Johnson,",[],10.5962/bhl.title.55910,monograph,Crossref,2,"['The law of animals : a treatise on property in animals, wild and domestic and the rights and responsibilities arising therefrom /']",10.5962,"[{'given': 'John H.', 'family': 'Ingham', 'sequence': 'first', 'affiliation': []}]",3444,[],[],1,[],[],0,https://doi.org/10.5962/bhl.title.55910,[],"[[2022, 4, 4]]",2022-04-04T19:57:33Z,1649102253744,[],False,[[1900]],"[[2012, 1, 12]]",2012-01-12T07:27:21Z,1326353241000,"[[2012, 1, 12]]",2012-01-12T07:27:37Z,1326353257000,http://www.biodiversitylibrary.org/bibliography/55910,[[1900]],[[1900]],,,,,,,,,,,,,,,,,
,0,[s.n.],[],10.5962/bhl.title.147959,monograph,Crossref,0,"['Southern Island Cruise 8, January-March 1965']",10.5962,"[{'given': 'Robert R.', 'family': 'Fleet', 'sequence': 'first', 'affiliation': []}, {'given': 'Robert S.', 'family': 'Standen', 'sequence': 'additional', 'affiliation': []}]",3444,[],[],1,[],[],0,https://doi.org/10.5962/bhl.title.147959,[],"[[2022, 4, 4]]",2022-04-04T15:08:10Z,1649084890855,[],False,[[1965]],"[[2018, 5, 8]]",2018-05-08T05:02:01Z,1525755721000,"[[2018, 5, 8]]",2018-05-08T05:02:01Z,1525755721000,https://www.biodiversitylibrary.org/bibliography/147959,[[1965]],[[1965]],,,,,,,,,,,,,,,,,
"Canandaigua, N.Y. :",0,"Bill's Glad Farms, Inc.,",[],10.5962/bhl.title.130362,monograph,Crossref,0,['Special lots /'],10.5962,"[{'name': ""Bill's Glad Farms, Inc."", 'sequence': 'first', 'affiliation': []}, {'name': 'Henry G. Gilbert Nursery and Seed Trade Catalog Collection.', 'sequence': 'additional', 'affiliation': []}]",3444,[],[],1,[],[],0,https://doi.org/10.5962/bhl.title.130362,[],"[[2022, 4, 4]]",2022-04-04T15:58:37Z,1649087917244,[],False,[[1924]],"[[2017, 5, 28]]",2017-05-28T05:01:10Z,1495947670000,"[[2017, 5, 28]]",2017-05-28T05:01:10Z,1495947670000,http://www.biodiversitylibrary.org/bibliography/130362,[[1924]],[[1924]],,,,,,,,,,,,,,,,,
Panormi :,0,"Typis Regiis,",[],10.5962/bhl.title.50454,monograph,Crossref,1,['Stirpium rariorum minusque cognitarum in Sicilia sponte provenientium descriptiones nonnullis iconibus auctae /'],10.5962,"[{'given': 'Antonio', 'family': 'Bivona Bernardi', 'sequence': 'first', 'affiliation': []}]",3444,[],[],1,[],[],0,https://doi.org/10.5962/bhl.title.50454,[],"[[2022, 4, 4]]",2022-04-04T20:11:20Z,1649103080546,[],False,[[1813]],"[[2011, 11, 23]]",2011-11-23T21:54:38Z,1322085278000,"[[2011, 11, 23]]",2011-11-23T21:54:48Z,1322085288000,http://www.biodiversitylibrary.org/bibliography/50454,[[1813]],[[1813]],,,,,,,,,,,,,,,,,
,0,[s.n.],[],10.5962/bhl.title.146247,monograph,Crossref,0,['NGS observation check-lists  September 1963 (Northern Grid Survey 2)'],10.5962,"[{'name': 'National Museum of Natural History (U.S.)', 'sequence': 'first', 'affiliation': []}]",3444,[],[],1,[],[],0,https://doi.org/10.5962/bhl.title.146247,[],"[[2022, 4, 4]]",2022-04-04T19:21:23Z,1649100083230,[],False,[[1963]],"[[2018, 3, 19]]",2018-03-19T05:01:52Z,1521435712000,"[[2018, 3, 19]]",2018-03-19T05:01:53Z,1521435713000,https://www.biodiversitylibrary.org/bibliography/146247,[[1963]],[[1963]],,,,,,,,,,,,,,,,,
,0,Smithsonian Institution,[],10.5962/p.320447,journal-article,Crossref,0,['Colorado Conifers'],10.5962,,3444,"['Bulletin of popular information - Arnold Arboretum, Harvard University.']",[],1,[],[],0,https://doi.org/10.5962/p.320447,[],"[[2022, 4, 4]]",2022-04-04T21:20:35Z,1649107235068,[],False,"[[1915, 11, 5]]","[[2021, 9, 17]]",2021-09-17T06:02:16Z,1631858536000,"[[2021, 9, 17]]",2021-09-17T06:02:16Z,1631858536000,https://www.biodiversitylibrary.org/part/320447,"[[1915, 11, 5]]","[[1915, 11, 5]]",66-67,1,['0196-6057'],"[{'value': '0196-6057', 'type': 'print'}]",17,,17,"[[1915, 11, 5]]",,,,,,,,,
New York :,0,"Prentice-Hall,",[],10.5962/bhl.title.4533,monograph,Crossref,0,['General biochemistry / by William H. Peterson [and] Frank M. Strong.'],10.5962,"[{'given': 'William Harold', 'family': 'Peterson', 'sequence': 'first', 'affiliation': []}, {'given': 'Frank Morgan.', 'family': 'Strong', 'sequence': 'additional', 'affiliation': []}]",3444,[],[],1,[],[],0,https://doi.org/10.5962/bhl.title.4533,[],"[[2022, 4, 4]]",2022-04-04T20:34:00Z,1649104440690,[],False,[[1953]],"[[2011, 11, 11]]",2011-11-11T22:11:21Z,1321049481000,"[[2011, 11, 11]]",2011-11-11T22:11:31Z,1321049491000,http://www.biodiversitylibrary.org/bibliography/4533,[[1953]],[[1953]],,,,,,,,,,,,,,,,,
"Philadelphia, Pa. :",0,"Thomas Meehan & Sons,",[],10.5962/bhl.title.102208,monograph,Crossref,0,['Hardy plants and bulbs /'],10.5962,"[{'name': 'Thomas Meehan and Sons.', 'sequence': 'first', 'affiliation': []}, {'name': 'Henry G. Gilbert Nursery and Seed Trade Catalog Collection.', 'sequence': 'additional', 'affiliation': []}]",3444,[],[],1,[],[],0,https://doi.org/10.5962/bhl.title.102208,[],"[[2022, 4, 4]]",2022-04-04T20:27:56Z,1649104076917,[],False,[[1909]],"[[2015, 5, 5]]",2015-05-05T06:00:32Z,1430805632000,"[[2015, 5, 5]]",2015-05-05T06:00:32Z,1430805632000,http://www.biodiversitylibrary.org/bibliography/102208,[[1909]],[[1909]],,,,,,,,,,,,,,,,,
"Bridgman, Mich. :",0,"A.R. Weston & Company,",[],10.5962/bhl.title.107699,monograph,Crossref,0,['1914 [catalog] /'],10.5962,"[{'name': 'A.R. Weston & Company.', 'sequence': 'first', 'affiliation': []}, {'name': 'Henry G. Gilbert Nursery and Seed Trade Catalog Collection.', 'sequence': 'additional', 'affiliation': []}]",3444,[],[],1,[],[],0,https://doi.org/10.5962/bhl.title.107699,[],"[[2022, 4, 4]]",2022-04-04T19:18:31Z,1649099911567,[],False,[[1914]],"[[2015, 10, 13]]",2015-10-13T14:55:28Z,1444748128000,"[[2015, 10, 13]]",2015-10-13T14:55:28Z,1444748128000,http://www.biodiversitylibrary.org/bibliography/107699,[[1914]],[[1914]],,,,,,,,,,,,,,,,,
,0,Smithsonian Institution,[],10.5962/bhl.part.9093,journal-article,Crossref,1,['Notes sur les genres Morio et Perigona'],10.5962,"[{'given': 'M J', 'family': 'Putzeys', 'sequence': 'first', 'affiliation': []}]",3444,['Annali del Museo civico di storia naturale di Genova.'],[],1,[],[],0,https://doi.org/10.5962/bhl.part.9093,[],"[[2022, 4, 4]]",2022-04-04T12:51:42Z,1649076702943,[],False,[[1873]],"[[2016, 1, 14]]",2016-01-14T06:49:19Z,1452754159000,"[[2016, 1, 14]]",2016-01-14T06:49:19Z,1452754159000,http://www.biodiversitylibrary.org/part/9093,[[1873]],[[1873]],216-225,4,['0365-4389'],"[{'value': '0365-4389', 'type': 'print'}]",,,,,,,,,,,,,
[Washington],0,[s.n.],[],10.5962/bhl.title.110681,monograph,Crossref,0,['Forage plot harvester'],10.5962,"[{'given': 'James L.', 'family': 'Butler', 'sequence': 'first', 'affiliation': []}, {'given': 'Glenn W.', 'family': 'Burton', 'sequence': 'additional', 'affiliation': []}, {'given': 'H. R.', 'family': 'Sumner', 'sequence': 'additional', 'affiliation': []}]",3444,[],[],1,[],[],0,https://doi.org/10.5962/bhl.title.110681,[],"[[2022, 4, 4]]",2022-04-04T15:27:01Z,1649086021228,[],False,[[1967]],"[[2016, 1, 12]]",2016-01-12T02:00:28Z,1452564028000,"[[2016, 1, 12]]",2016-01-12T02:00:28Z,1452564028000,http://www.biodiversitylibrary.org/bibliography/110681,[[1967]],[[1967]],,,,,,,,,,,,,,,,,
,0,Smithsonian Institution,[],10.5479/si.16549779,posted-content,Crossref,0,"['Green Persuasion: Advertising, Voluntarism, and America’s Public Lands']",10.5479,"[{'given': 'Jeffrey', 'family': 'Stine', 'sequence': 'first', 'affiliation': []}]",3444,[],[],1,[],[],0,https://doi.org/10.5479/si.16549779,[],"[[2022, 4, 4]]",2022-04-04T21:33:46Z,1649108026120,[],False,,"[[2021, 8, 31]]",2021-08-31T18:14:40Z,1630433680000,"[[2021, 8, 31]]",2021-08-31T18:14:41Z,1630433681000,https://smithsonian.figshare.com/articles/book/Green_Persuasion_Advertising_Voluntarism_and_America_s_Public_Lands/16549779,"[[2021, 8, 31]]","[[2021, 8, 31]]",,,,,,,,,[{'name': 'Open Monographs'}],"[{'start': {'date-parts': [[2021, 8, 31]], 'date-time': '2021-08-31T00:00:00Z', 'timestamp': 1630368000000}, 'content-version': 'unspecified', 'delay-in-days': 0, 'URL': 'https://creativecommons.org/licenses/by-nc/4.0/'}]","<jats:p>&lt;i&gt;Green Persuasion &lt;/i&gt;traces the history and evolution of volunteer-based public lands
stewardship in the United States as well as the Advertising Council’s work
promoting environmental causes, such as the Smokey Bear fire prevention and the
Keep America Beautiful campaigns. The Take Pride in America program, developed
during the Reagan administration, was revised, neglected, and readopted by
subsequent presidencies. Working with the U.S. Department of the Interior, the
Ad Council enlivened the Take Pride initiative with public service
announcements featuring celebrity spokespersons Clint Eastwood, Charles
Bronson, and Louis Gossett Jr. &lt;div&gt;&lt;i&gt;Green Persuasion &lt;/i&gt;offers valuable insights
into how and why Americans have expressed care of the nation’s landed
inheritance in their collective political choices.&lt;/div&gt;</jats:p>",other,"[[2021, 8, 31]]",,,,
Toronto :,0,"McClelland & Stewart,",[],10.5962/bhl.title.62557,monograph,Crossref,1,['The mason-wasps'],10.5962,"[{'given': 'J. Henri', 'family': 'Fabre', 'sequence': 'first', 'affiliation': []}]",3444,[],[],1,[],[],0,https://doi.org/10.5962/bhl.title.62557,[],"[[2022, 4, 3]]",2022-04-03T11:21:34Z,1648984894455,[],False,[[1919]],"[[2012, 12, 9]]",2012-12-09T07:00:42Z,1355036442000,"[[2012, 12, 9]]",2012-12-09T07:00:45Z,1355036445000,http://www.biodiversitylibrary.org/bibliography/62557,[[1919]],[[1919]],,,,,,,,,,,,,,,,,
"New York,",0,"Wood,",[],10.5962/bhl.title.30270,monograph,Crossref,0,"['A manual of the medical botany of North America, by Laurence Johnson.']",10.5962,"[{'given': 'Laurence', 'family': 'Johnson', 'sequence': 'first', 'affiliation': []}, {'given': 'Laurence', 'family': 'Johnson', 'sequence': 'additional', 'affiliation': []}]",3444,[],[],1,[],[],0,https://doi.org/10.5962/bhl.title.30270,[],"[[2022, 4, 3]]",2022-04-03T12:52:48Z,1648990368872,[],False,[[1884]],"[[2011, 11, 22]]",2011-11-22T21:37:42Z,1321997862000,"[[2016, 8, 17]]",2016-08-17T13:29:04Z,1471440544000,http://www.biodiversitylibrary.org/bibliography/30270,[[1884]],[[1884]],,,,,,,,,,,,,,,,,
"Leipzig,",0,"S. Hirzel,",[],10.5962/bhl.title.139641,monograph,Crossref,0,"['Elektrische Untersuchungen,']",10.5962,"[{'given': 'Wilhelm Gottlieb', 'family': 'Hankel', 'sequence': 'first', 'affiliation': []}, {'given': 'H.', 'family': 'Lindenberg', 'sequence': 'additional', 'affiliation': []}, {'given': 'Friedrich', 'family': 'Zarncke', 'sequence': 'additional', 'affiliation': []}]",3444,[],[],1,[],[],0,https://doi.org/10.5962/bhl.title.139641,[],"[[2022, 4, 3]]",2022-04-03T12:53:20Z,1648990400346,[],False,[[1856]],"[[2017, 10, 15]]",2017-10-15T05:02:50Z,1508043770000,"[[2017, 10, 15]]",2017-10-15T05:02:51Z,1508043771000,https://www.biodiversitylibrary.org/bibliography/139641,[[1856]],[[1856]],,,,,,,,,,,,,,,,,
,0,[s.n.],[],10.5962/bhl.title.156000,monograph,Crossref,0,"[""Haiti, Photographs, 1927, and undated, consists mostly of photographs from Wetmore's 1927 expedition to Haiti and the Dominican Republic""]",10.5962,"[{'given': 'Alexander', 'family': 'Wetmore', 'sequence': 'first', 'affiliation': []}]",3444,[],[],1,[],[],0,https://doi.org/10.5962/bhl.title.156000,[],"[[2022, 4, 4]]",2022-04-04T21:24:50Z,1649107490243,[],False,[[1927]],"[[2019, 1, 6]]",2019-01-06T10:46:47Z,1546771607000,"[[2019, 1, 6]]",2019-01-06T10:46:49Z,1546771609000,https://www.biodiversitylibrary.org/bibliography/156000,[[1927]],[[1927]],,,,,,,,,,,,,,,,,
"Wappingers Falls, New York :",0,"N. Harold Cottam & Son,",[],10.5962/bhl.title.150652,monograph,Crossref,0,"['Catalogue of dahlias, 1931 /']",10.5962,"[{'name': 'N. Harold Cottam & Son.', 'sequence': 'first', 'affiliation': []}, {'name': 'Henry G. Gilbert Nursery and Seed Trade Catalog Collection.', 'sequence': 'additional', 'affiliation': []}]",3444,[],[],1,[],[],0,https://doi.org/10.5962/bhl.title.150652,[],"[[2022, 4, 4]]",2022-04-04T21:35:51Z,1649108151908,[],False,[[1931]],"[[2018, 8, 12]]",2018-08-12T05:00:56Z,1534050056000,"[[2018, 8, 12]]",2018-08-12T05:00:56Z,1534050056000,https://www.biodiversitylibrary.org/bibliography/150652,[[1931]],[[1931]],,,,,,,,,,,,,,,,,
,0,Smithsonian Institution,[],10.5479/si.00963801.115-3480.61,journal-article,Crossref,0,"['Neotropical Microlepidoptera, III: Restriction of Gonionota melobaphes Walsingham with Descriptions of New Species (Lepidoptera: Oecophoridae)']",10.5479,"[{'given': 'J. F. Gates', 'family': 'Clarke', 'sequence': 'first', 'affiliation': []}]",3444,['Proceedings of the United States National Museum'],[],1,[],[],0,https://doi.org/10.5479/si.00963801.115-3480.61,[],"[[2022, 4, 4]]",2022-04-04T20:29:14Z,1649104154659,[],False,[[1964]],"[[2013, 3, 20]]",2013-03-20T14:58:29Z,1363791509000,"[[2014, 7, 15]]",2014-07-15T21:08:09Z,1405458489000,https://repository.si.edu/handle/10088/16877,[[1964]],[[1964]],61-83,115,['0096-3801'],"[{'value': '0096-3801', 'type': 'print'}]",3480,en,3480,[[1964]],,,,,,,,,
"Yankton, S.D. :",0,"Gurney Seed & Nursery Co.,",[],10.5962/bhl.title.141022,monograph,Crossref,0,['From the house of Gurney : spring &amp; fall 1928 /'],10.5962,"[{'name': 'Gurney Seed & Nursery Co.', 'sequence': 'first', 'affiliation': []}, {'name': 'Henry G. Gilbert Nursery and Seed Trade Catalog Collection.', 'sequence': 'additional', 'affiliation': []}]",3444,[],[],1,[],[],0,https://doi.org/10.5962/bhl.title.141022,[],"[[2022, 4, 4]]",2022-04-04T15:28:04Z,1649086084668,[],False,[[1928]],"[[2017, 11, 19]]",2017-11-19T06:01:38Z,1511071298000,"[[2017, 11, 19]]",2017-11-19T06:01:39Z,1511071299000,https://www.biodiversitylibrary.org/bibliography/141022,[[1928]],[[1928]],,,,,,,,,,,,,,,,,
New York [etc.],0,"The Macmillan Company,",[],10.5962/bhl.title.56194,monograph,Crossref,0,"[""The great world's farm; some account of nature's crops and how they are grown,""]",10.5962,"[{'given': 'Selina.', 'family': 'Gaye', 'sequence': 'first', 'affiliation': []}]",3444,[],[],1,[],[],0,https://doi.org/10.5962/bhl.title.56194,[],"[[2022, 4, 4]]",2022-04-04T20:59:06Z,1649105946380,[],False,[[1910]],"[[2012, 1, 12]]",2012-01-12T07:32:26Z,1326353546000,"[[2012, 1, 12]]",2012-01-12T07:32:43Z,1326353563000,http://www.biodiversitylibrary.org/bibliography/56194,[[1910]],[[1910]],,,,,,,,,,,,,,,,,
"Louisville, Ky. :",0,"Louisville Seed Co.,",[],10.5962/bhl.title.141399,monograph,Crossref,0,"['Price list : April 2, 1928 /']",10.5962,"[{'name': 'Louisville Seed Company.', 'sequence': 'first', 'affiliation': []}, {'name': 'Henry G. Gilbert Nursery and Seed Trade Catalog Collection.', 'sequence': 'additional', 'affiliation': []}]",3444,[],[],1,[],[],0,https://doi.org/10.5962/bhl.title.141399,[],"[[2022, 4, 4]]",2022-04-04T22:10:58Z,1649110258191,[],False,[[1928]],"[[2017, 12, 3]]",2017-12-03T01:00:53Z,1512262853000,"[[2017, 12, 3]]",2017-12-03T01:00:53Z,1512262853000,https://www.biodiversitylibrary.org/bibliography/141399,[[1928]],[[1928]],,,,,,,,,,,,,,,,,
,0,[s.n.],[],10.5962/bhl.title.146486,monograph,Crossref,0,"['Anas laysanensis (Laysan duck), 1962, 1965-1966']",10.5962,"[{'given': 'Roger B.', 'family': 'Clapp', 'sequence': 'first', 'affiliation': []}, {'given': 'Dennis L.', 'family': 'Stadel', 'sequence': 'additional', 'affiliation': []}]",3444,[],[],1,[],[],0,https://doi.org/10.5962/bhl.title.146486,[],"[[2022, 4, 3]]",2022-04-03T13:00:43Z,1648990843256,[],False,[[1962]],"[[2018, 3, 27]]",2018-03-27T05:05:41Z,1522127141000,"[[2018, 3, 27]]",2018-03-27T05:05:41Z,1522127141000,https://www.biodiversitylibrary.org/bibliography/146486,[[1962]],[[1962]],,,,,,,,,,,,,,,,,
Philadelphia :,0,"Benerman & Wilson,",[],10.5962/bhl.title.115665,monograph,Crossref,0,"['Leaf prints, or, Glimpses at photography /']",10.5962,"[{'given': 'Charles F.', 'family': 'Himes', 'sequence': 'first', 'affiliation': []}]",3444,[],[],1,[],[],0,https://doi.org/10.5962/bhl.title.115665,[],"[[2022, 4, 4]]",2022-04-04T19:55:31Z,1649102131250,[],False,[[1868]],"[[2016, 4, 10]]",2016-04-10T02:08:53Z,1460254133000,"[[2016, 4, 10]]",2016-04-10T02:08:53Z,1460254133000,http://www.biodiversitylibrary.org/bibliography/115665,[[1868]],[[1868]],,,,,,,,,,,,,,,,,
"Adrian, Michigan :",0,"Elmer D. Smith & Co.,",[],10.5962/bhl.title.139482,monograph,Crossref,0,"[""Chrysanthemums for florists' use : 1927 [catalog] /""]",10.5962,"[{'name': 'Elmer D. Smith & Co.', 'sequence': 'first', 'affiliation': []}, {'name': 'Henry G. Gilbert Nursery and Seed Trade Catalog Collection.', 'sequence': 'additional', 'affiliation': []}]",3444,[],[],1,[],[],0,https://doi.org/10.5962/bhl.title.139482,[],"[[2022, 4, 3]]",2022-04-03T10:05:31Z,1648980331880,[],False,[[1927]],"[[2017, 10, 15]]",2017-10-15T01:01:08Z,1508029268000,"[[2017, 10, 15]]",2017-10-15T01:01:10Z,1508029270000,https://www.biodiversitylibrary.org/bibliography/139482,[[1927]],[[1927]],,,,,,,,,,,,,,,,,
,0,Smithsonian Institution,[],10.5962/p.310204,journal-article,Crossref,3,['First record of Forest Swallow for Angola'],10.5962,"[{'given': 'Michael S L', 'family': 'Mills', 'sequence': 'first', 'affiliation': []}, {'given': 'Graham', 'family': 'Tebb', 'sequence': 'additional', 'affiliation': []}]",3444,['Bulletin of the African Bird Club'],[],1,[],[],0,https://doi.org/10.5962/p.310204,[],"[[2023, 9, 15]]",2023-09-15T02:24:49Z,1694744689939,[],False,[[2015]],"[[2021, 3, 31]]",2021-03-31T05:01:19Z,1617166879000,"[[2021, 3, 31]]",2021-03-31T05:01:20Z,1617166880000,https://www.biodiversitylibrary.org/part/310204,[[2015]],[[2015]],221-222,22,['1352-481X'],"[{'value': '1352-481X', 'type': 'print'}]",2,,2,[[2015]],,,,,,,,,
"Stockton, California :",0,"Standard Seed Farms Company,",[],10.5962/bhl.title.149100,monograph,Crossref,0,['Contract price list : vegetable seeds : season of 1930 /'],10.5962,"[{'name': 'Standard Seed Farms Company.', 'sequence': 'first', 'affiliation': []}, {'name': 'Henry G. Gilbert Nursery and Seed Trade Catalog Collection.', 'sequence': 'additional', 'affiliation': []}]",3444,[],[],1,[],[],0,https://doi.org/10.5962/bhl.title.149100,[],"[[2022, 4, 3]]",2022-04-03T13:07:49Z,1648991269548,[],False,[[1930]],"[[2018, 6, 4]]",2018-06-04T01:05:50Z,1528074350000,"[[2018, 6, 4]]",2018-06-04T01:05:50Z,1528074350000,https://www.biodiversitylibrary.org/bibliography/149100,[[1930]],[[1930]],,,,,,,,,,,,,,,,,
"Chanute, Kan. :",0,"Chanute Nurseries,",[],10.5962/bhl.title.123599,monograph,Crossref,0,"['New illustrated and descriptive catalog of fruit and ornamental trees, small fruits, shrubs, vines and roses /']",10.5962,"[{'name': 'Chanute Nurseries.', 'sequence': 'first', 'affiliation': []}, {'name': 'Henry G. Gilbert Nursery and Seed Trade Catalog Collection.', 'sequence': 'additional', 'affiliation': []}]",3444,[],[],1,[],[],0,https://doi.org/10.5962/bhl.title.123599,[],"[[2022, 4, 3]]",2022-04-03T13:22:13Z,1648992133435,[],False,[[1921]],"[[2017, 1, 2]]",2017-01-02T06:00:42Z,1483336842000,"[[2017, 1, 2]]",2017-01-02T06:00:42Z,1483336842000,http://www.biodiversitylibrary.org/bibliography/123599,[[1921]],[[1921]],,,,,,,,,,,,,,,,,
"Muscatine, Iowa :",0,"J.E. Hoopes Co.,",[],10.5962/bhl.title.126014,monograph,Crossref,0,['We quote you our surplus seeds /'],10.5962,"[{'name': 'J.E. Hoopes Co.', 'sequence': 'first', 'affiliation': []}, {'name': 'Henry G. Gilbert Nursery and Seed Trade Catalog Collection.', 'sequence': 'additional', 'affiliation': []}]",3444,[],[],1,[],[],0,https://doi.org/10.5962/bhl.title.126014,[],"[[2022, 4, 4]]",2022-04-04T12:57:02Z,1649077022548,[],False,[[1922]],"[[2017, 3, 5]]",2017-03-05T06:04:47Z,1488693887000,"[[2017, 3, 5]]",2017-03-05T06:04:47Z,1488693887000,http://www.biodiversitylibrary.org/bibliography/126014,[[1922]],[[1922]],,,,,,,,,,,,,,,,,
"Austin, Tex. :",0,"F.T. Ramsey & Son,",[],10.5962/bhl.title.110032,monograph,Crossref,0,['1913 catalog of the Austin Nursery /'],10.5962,"[{'name': 'Austin Nursery.', 'sequence': 'first', 'affiliation': []}, {'name': 'F.T. Ramsey & Son.', 'sequence': 'additional', 'affiliation': []}, {'name': 'Henry G. Gilbert Nursery and Seed Trade Catalog Collection.', 'sequence': 'additional', 'affiliation': []}]",3444,[],[],1,[],[],0,https://doi.org/10.5962/bhl.title.110032,[],"[[2022, 4, 4]]",2022-04-04T12:37:35Z,1649075855711,[],False,[[1913]],"[[2015, 11, 23]]",2015-11-23T02:00:53Z,1448244053000,"[[2015, 11, 23]]",2015-11-23T02:00:53Z,1448244053000,http://www.biodiversitylibrary.org/bibliography/110032,[[1913]],[[1913]],,,,,,,,,,,,,,,,,
"Upper Darby, Pa. :",0,"Northeastern Forest Experiment Station, Forest Service, U.S. Dept. of Agriculture,",[],10.5962/bhl.title.121267,monograph,Crossref,1,['Comparative site indices for northern hardwoods in the Green Mountains of Vermont /'],10.5962,"[{'given': 'Robert O.', 'family': 'Curtis', 'sequence': 'first', 'affiliation': []}, {'given': 'Boyd W.', 'family': 'Post', 'sequence': 'additional', 'affiliation': []}]",3444,[],[],1,[],[],0,https://doi.org/10.5962/bhl.title.121267,[],"[[2023, 8, 17]]",2023-08-17T08:47:35Z,1692262055103,[],False,[[1962]],"[[2016, 11, 8]]",2016-11-08T01:02:05Z,1478566925000,"[[2016, 11, 8]]",2016-11-08T01:02:07Z,1478566927000,http://www.biodiversitylibrary.org/bibliography/121267,[[1962]],[[1962]],,,,,,,,,,,,,,,,,
,0,Smithsonian Institution,[],10.5962/bhl.part.5889,journal-article,Crossref,3,"['A taxonomic comparison of Uta stansburiana of the Great Basin and the upper Colorado River basin in Utah, with a description of a new subspecies']",10.5962,"[{'given': 'L E', 'family': 'Pack', 'sequence': 'first', 'affiliation': []}, {'given': 'W W', 'family': 'Tanner', 'sequence': 'additional', 'affiliation': []}]",3444,['The Great Basin naturalist.'],[],1,[],[],0,https://doi.org/10.5962/bhl.part.5889,[],"[[2022, 4, 12]]",2022-04-12T23:11:02Z,1649805062637,[],False,[[1970]],"[[2016, 1, 14]]",2016-01-14T10:57:30Z,1452769050000,"[[2016, 1, 14]]",2016-01-14T10:57:30Z,1452769050000,http://www.biodiversitylibrary.org/part/5889,[[1970]],[[1970]],71-90,30,['0017-3614'],"[{'value': '0017-3614', 'type': 'print'}]",,,,,,,,,,,,,
"Providence, R.I. :",0,"Rennie & Pino,",[],10.5962/bhl.title.97449,monograph,Crossref,0,"['Catalogue : seeds for garden, lawn and farm /']",10.5962,"[{'name': 'Rennie & Pino.', 'sequence': 'first', 'affiliation': []}, {'name': 'Henry G. Gilbert Nursery and Seed Trade Catalog Collection.', 'sequence': 'additional', 'affiliation': []}]",3444,[],[],1,[],[],0,https://doi.org/10.5962/bhl.title.97449,[],"[[2022, 4, 3]]",2022-04-03T13:47:27Z,1648993647537,[],False,[[1903]],"[[2015, 4, 3]]",2015-04-03T09:57:35Z,1428055055000,"[[2015, 4, 3]]",2015-04-03T09:57:35Z,1428055055000,http://www.biodiversitylibrary.org/bibliography/97449,[[1903]],[[1903]],,,,,,,,,,,,,,,,,
,0,Smithsonian Institution,[],10.5479/ads/bib/1911pusno.7d.2,journal-article,Crossref,0,"['Superintendent, astronomical department.']",10.5479,,3444,['Publications of the United States Naval Observatory'],[],1,[],[],0,https://doi.org/10.5479/ads/bib/1911pusno.7d.2,[],"[[2022, 4, 3]]",2022-04-03T13:54:43Z,1648994083234,[],False,[[1911]],"[[2011, 12, 15]]",2011-12-15T09:57:27Z,1323943047000,"[[2011, 12, 15]]",2011-12-15T10:00:07Z,1323943207000,http://adsabs.harvard.edu/abs/1911PUSNO...7D...2.,[[1911]],[[1911]],D.2,7,['0083-2448'],"[{'value': '0083-2448', 'type': 'print'}]",,en,,,,,,,,,,,
,0,Smithsonian Institution,[],10.5962/p.309905,journal-article,Crossref,0,"[""Display behaviour of Shelley's Oliveback Nesocharis shelleyi""]",10.5962,"[{'given': 'Michael S L', 'family': 'Mills', 'sequence': 'first', 'affiliation': []}]",3444,['Bulletin of the African Bird Club'],[],1,[],[],0,https://doi.org/10.5962/p.309905,[],"[[2022, 4, 4]]",2022-04-04T21:43:07Z,1649108587711,[],False,"[[2010, 3]]","[[2021, 4, 5]]",2021-04-05T05:00:15Z,1617598815000,"[[2021, 4, 5]]",2021-04-05T05:00:15Z,1617598815000,https://www.biodiversitylibrary.org/part/309905,"[[2010, 3]]","[[2010, 3]]",97-98,17,['1352-481X'],"[{'value': '1352-481X', 'type': 'print'}]",1,,1,[[2010]],,,,,,,,,
,0,Smithsonian Institution,[],10.5962/bhl.part.18172,journal-article,Crossref,1,['Description dun batracien nouveau récolté au Mayumbe par le Dr. Schouteden'],10.5962,"[{'given': 'Gaston-Fr', 'family': 'De Witte', 'sequence': 'first', 'affiliation': []}]",3444,['Revue zoologique africaine.'],[],1,[],[],0,https://doi.org/10.5962/bhl.part.18172,[],"[[2023, 9, 4]]",2023-09-04T17:09:45Z,1693847385562,[],False,[[1922]],"[[2016, 1, 15]]",2016-01-15T13:41:37Z,1452865297000,"[[2016, 1, 15]]",2016-01-15T13:41:37Z,1452865297000,http://www.biodiversitylibrary.org/part/18172,[[1922]],[[1922]],320-322,10,['0771-0488'],"[{'value': '0771-0488', 'type': 'print'}]",,,,,,,,,,,,,
New York :,0,"Comstock,",[],10.5962/bhl.title.159044,monograph,Crossref,1,['A manual for the study of insects /'],10.5962,"[{'given': 'John Henry', 'family': 'Comstock', 'sequence': 'first', 'affiliation': []}, {'given': 'Anna Botsford', 'family': 'Comstock', 'sequence': 'additional', 'affiliation': []}]",3444,[],[],1,[],[],0,https://doi.org/10.5962/bhl.title.159044,[],"[[2023, 9, 4]]",2023-09-04T15:08:49Z,1693840129711,[],False,[[1923]],"[[2019, 5, 19]]",2019-05-19T01:00:14Z,1558227614000,"[[2019, 5, 19]]",2019-05-19T01:00:15Z,1558227615000,https://www.biodiversitylibrary.org/bibliography/159044,[[1923]],[[1923]],,,,,,,,,,,,,,,,,
,0,[s.n.],[],10.5962/bhl.title.148321,monograph,Crossref,2,"['Eastern area cruises, 22, 24, 25, 27, 33, 34 : cruises 22, 24, 25, 27']",10.5962,"[{'name': 'National Museum of Natural History (U.S.)', 'sequence': 'first', 'affiliation': []}]",3444,[],[],1,[],[],0,https://doi.org/10.5962/bhl.title.148321,[],"[[2022, 4, 3]]",2022-04-03T13:48:27Z,1648993707269,[],False,[[1967]],"[[2018, 5, 14]]",2018-05-14T05:02:54Z,1526274174000,"[[2018, 5, 14]]",2018-05-14T05:02:54Z,1526274174000,https://www.biodiversitylibrary.org/bibliography/148321,[[1967]],[[1967]],,,,,,,,,,,,,,,,,
,0,Smithsonian Institution,[],10.5479/si.00963801.2685,journal-article,Crossref,11,['A revision of the cottoid fishes of the genus Artediellus'],10.5479,"[{'given': 'Peter', 'family': 'Schmidt', 'sequence': 'first', 'affiliation': []}]",3444,['Proceedings of the United States National Museum'],[],1,[],[],0,https://doi.org/10.5479/si.00963801.2685,[],"[[2022, 10, 23]]",2022-10-23T14:31:13Z,1666535473712,[],False,[[1927]],"[[2011, 8, 9]]",2011-08-09T16:14:56Z,1312906496000,"[[2014, 7, 15]]",2014-07-15T16:48:08Z,1405442888000,https://repository.si.edu/handle/10088/15730,[[1927]],[[1927]],1-10,71,['0096-3801'],"[{'value': '0096-3801', 'type': 'print'}]",2685,en,2685,[[1927]],,,,,,,,,
"Kansas City, Mo. :",0,"Harnden Seed Co.,",[],10.5962/bhl.title.124319,monograph,Crossref,0,"[""Market gardeners' special price list of garden seeds, Jan. 5, 1921 /""]",10.5962,"[{'name': 'Harnden Seed Co.', 'sequence': 'first', 'affiliation': []}, {'name': 'Henry G. Gilbert Nursery and Seed Trade Catalog Collection.', 'sequence': 'additional', 'affiliation': []}]",3444,[],[],1,[],[],0,https://doi.org/10.5962/bhl.title.124319,[],"[[2022, 4, 1]]",2022-04-01T23:11:05Z,1648854665622,[],False,[[1921]],"[[2017, 1, 30]]",2017-01-30T06:00:40Z,1485756040000,"[[2017, 1, 30]]",2017-01-30T06:00:40Z,1485756040000,http://www.biodiversitylibrary.org/bibliography/124319,[[1921]],[[1921]],,,,,,,,,,,,,,,,,
"Eau Claire, Wis. :",0,"Jeff Beaver & Sons,",[],10.5962/bhl.title.150518,monograph,Crossref,0,"[""Beaver's hardy Northern Wisconsin grown strawberry plants /""]",10.5962,"[{'name': 'Jeff Beaver & Sons.', 'sequence': 'first', 'affiliation': []}, {'name': 'Henry G. Gilbert Nursery and Seed Trade Catalog Collection.', 'sequence': 'additional', 'affiliation': []}]",3444,[],[],1,[],[],0,https://doi.org/10.5962/bhl.title.150518,[],"[[2022, 4, 1]]",2022-04-01T23:10:14Z,1648854614376,[],False,[[1931]],"[[2018, 8, 6]]",2018-08-06T01:03:52Z,1533517432000,"[[2018, 8, 6]]",2018-08-06T01:03:52Z,1533517432000,https://www.biodiversitylibrary.org/bibliography/150518,[[1931]],[[1931]],,,,,,,,,,,,,,,,,
"Dayton, Ohio :",0,"John Siebenthaler Nurseries,",[],10.5962/bhl.title.113343,monograph,Crossref,0,['Siebenthaler Nurseries [catalog] /'],10.5962,"[{'name': 'John Siebenthaler Nurseries.', 'sequence': 'first', 'affiliation': []}, {'name': 'Henry G. Gilbert Nursery and Seed Trade Catalog Collection.', 'sequence': 'additional', 'affiliation': []}]",3444,[],[],1,[],[],0,https://doi.org/10.5962/bhl.title.113343,[],"[[2022, 4, 2]]",2022-04-02T00:22:00Z,1648858920166,[],False,[[1916]],"[[2016, 3, 13]]",2016-03-13T07:02:04Z,1457852524000,"[[2016, 3, 13]]",2016-03-13T07:02:04Z,1457852524000,http://www.biodiversitylibrary.org/bibliography/113343,[[1916]],[[1916]],,,,,,,,,,,,,,,,,
,0,Smithsonian Institution,[],10.5962/bhl.part.2566,journal-article,Crossref,1,['Zehn neue Curculioniden nebst Bemerkungen über bekannte'],10.5962,"[{'given': 'Romuald', 'family': 'Formánek', 'sequence': 'first', 'affiliation': []}]",3444,['Wiener entomologische Zeitung.'],[],1,[],[],0,https://doi.org/10.5962/bhl.part.2566,[],"[[2022, 4, 1]]",2022-04-01T19:56:22Z,1648842982052,[],False,[[1922]],"[[2016, 1, 14]]",2016-01-14T04:51:27Z,1452747087000,"[[2016, 1, 14]]",2016-01-14T04:51:27Z,1452747087000,http://www.biodiversitylibrary.org/part/2566,[[1922]],[[1922]],73-84,39,['1562-0891'],"[{'value': '1562-0891', 'type': 'print'}]",,,,,,,,,,,,,
"Tippecanoe City, Miami County, Ohio :",0,"Spring Hill Nurseries,",[],10.5962/bhl.title.129723,monograph,Crossref,0,"['Fall catalog 1923 : Dutch bulbs, fruit and ornamental trees for fall planting /']",10.5962,"[{'name': 'Spring Hill Nurseries.', 'sequence': 'first', 'affiliation': []}, {'name': 'Henry G. Gilbert Nursery and Seed Trade Catalog Collection.', 'sequence': 'additional', 'affiliation': []}, {'name': 'Peter Bohlender & Sons.', 'sequence': 'additional', 'affiliation': []}]",3444,[],[],1,[],[],0,https://doi.org/10.5962/bhl.title.129723,[],"[[2022, 4, 1]]",2022-04-01T21:06:40Z,1648847200015,[],False,[[1923]],"[[2017, 5, 14]]",2017-05-14T01:01:47Z,1494723707000,"[[2017, 5, 14]]",2017-05-14T01:01:47Z,1494723707000,http://www.biodiversitylibrary.org/bibliography/129723,[[1923]],[[1923]],,,,,,,,,,,,,,,,,
s.l. :,0,"s.n.,",[],10.5962/bhl.title.13699,monograph,Crossref,0,"['Norman Tower Garden, Windsor Castle : catalogue of plants, &amp;., June, 1910 / Arthur J. Hubbard, gardener.']",10.5962,"[{'given': 'Arthur J.', 'family': 'Hubbard', 'sequence': 'first', 'affiliation': []}]",3444,[],[],1,[],[],0,https://doi.org/10.5962/bhl.title.13699,[],"[[2022, 4, 1]]",2022-04-01T19:30:40Z,1648841440958,[],False,[[1910]],"[[2011, 11, 18]]",2011-11-18T22:44:46Z,1321656286000,"[[2011, 11, 18]]",2011-11-18T22:45:06Z,1321656306000,http://www.biodiversitylibrary.org/bibliography/13699,[[1910]],[[1910]],,,,,,,,,,,,,,,,,
"New York,",0,"H. Holt and company,",[],10.5962/bhl.title.104410,monograph,Crossref,0,"['Our search for a wilderness; an account of two ornithological expeditions to Venezuela and to British Guiana,']",10.5962,"[{'given': 'Blair.', 'family': 'Niles', 'sequence': 'first', 'affiliation': []}, {'given': 'William', 'family': 'Beebe', 'sequence': 'additional', 'affiliation': []}]",3444,[],[],1,[],[],0,https://doi.org/10.5962/bhl.title.104410,[],"[[2022, 4, 1]]",2022-04-01T19:29:22Z,1648841362053,[],False,[[1910]],"[[2015, 6, 28]]",2015-06-28T06:07:08Z,1435471628000,"[[2015, 6, 28]]",2015-06-28T06:07:08Z,1435471628000,http://www.biodiversitylibrary.org/bibliography/104410,[[1910]],[[1910]],,,,,,,,,,,,,,,,,
"Camden, N.J. :",0,"Taylor Bros.,",[],10.5962/bhl.title.153106,monograph,Crossref,0,"['Wholesale price list : grain, feed and seeds /']",10.5962,"[{'name': 'Taylor Brothers.', 'sequence': 'first', 'affiliation': []}, {'name': 'Henry G. Gilbert Nursery and Seed Trade Catalog Collection.', 'sequence': 'additional', 'affiliation': []}]",3444,[],[],1,[],[],0,https://doi.org/10.5962/bhl.title.153106,[],"[[2022, 4, 1]]",2022-04-01T20:00:09Z,1648843209125,[],False,[[1931]],"[[2018, 10, 14]]",2018-10-14T01:00:28Z,1539478828000,"[[2018, 10, 14]]",2018-10-14T01:00:29Z,1539478829000,https://www.biodiversitylibrary.org/bibliography/153106,[[1931]],[[1931]],,,,,,,,,,,,,,,,,
"Washington, D.C. :",0,"Edw. S. Schmid,",[],10.5962/bhl.title.87137,monograph,Crossref,0,['1895 price list of aquatics /'],10.5962,"[{'name': 'Edw. S. Schmid (Firm)', 'sequence': 'first', 'affiliation': []}, {'name': 'Henry G. Gilbert Nursery and Seed Trade Catalog Collection.', 'sequence': 'additional', 'affiliation': []}]",3444,[],[],1,[],[],0,https://doi.org/10.5962/bhl.title.87137,[],"[[2022, 4, 6]]",2022-04-06T03:48:05Z,1649216885438,[],False,[[1895]],"[[2014, 8, 17]]",2014-08-17T02:01:53Z,1408240913000,"[[2014, 8, 17]]",2014-08-17T02:01:53Z,1408240913000,http://www.biodiversitylibrary.org/bibliography/87137,[[1895]],[[1895]],,,,,,,,,,,,,,,,,
"Whitewater, WI :",0,"Whitewater Register Steam Job Print.,",[],10.5962/bhl.title.7999,monograph,Crossref,0,['Tabular view and key of the more common families of insects : with check tablets / prepared by L. C. Wooster.'],10.5962,"[{'given': 'L. C.', 'family': 'Wooster', 'sequence': 'first', 'affiliation': []}]",3444,[],[],1,[],[],0,https://doi.org/10.5962/bhl.title.7999,[],"[[2022, 4, 1]]",2022-04-01T23:42:35Z,1648856555133,[],False,[[1879]],"[[2011, 11, 18]]",2011-11-18T20:39:37Z,1321648777000,"[[2011, 11, 18]]",2011-11-18T20:39:56Z,1321648796000,http://www.biodiversitylibrary.org/bibliography/7999,[[1879]],[[1879]],,,,,,,,,,,,,,,,,
Petrograd :,0,"Akademiia nauk,",[],10.5962/bhl.title.11801,monograph,Crossref,1,['Presmykaiushchiiasia (Reptilia) = Reptiles (Reptilia) / A.M. Nikolskii.'],10.5962,"[{'given': 'A. M.', 'family': 'Nikolskii', 'sequence': 'first', 'affiliation': []}]",3444,[],[],1,[],[],0,https://doi.org/10.5962/bhl.title.11801,[],"[[2022, 4, 1]]",2022-04-01T23:53:45Z,1648857225290,[],False,[[1915]],"[[2011, 11, 18]]",2011-11-18T22:09:13Z,1321654153000,"[[2011, 11, 18]]",2011-11-18T22:09:33Z,1321654173000,http://www.biodiversitylibrary.org/bibliography/11801,[[1915]],[[1915]],,,,,,,,,,,,,,,,,
S.l. :,0,"s.n.,",[],10.5962/bhl.title.57591,monograph,Crossref,0,['A laboratory manual in systematic pomology : an effort to place before the students of pomology in the Michigan agricultural college a means by which an intimate and accurate knowledge of polomogy may be acquired /'],10.5962,"[{'given': 'U. P.', 'family': 'Hedrick', 'sequence': 'first', 'affiliation': []}]",3444,[],[],1,[],[],0,https://doi.org/10.5962/bhl.title.57591,[],"[[2022, 4, 1]]",2022-04-01T23:54:37Z,1648857277833,[],False,[[1903]],"[[2012, 1, 12]]",2012-01-12T07:51:11Z,1326354671000,"[[2012, 1, 12]]",2012-01-12T07:51:45Z,1326354705000,http://www.biodiversitylibrary.org/bibliography/57591,[[1903]],[[1903]],,,,,,,,,,,,,,,,,
"Mt Holly, N.J. :",0,"Chas. B. Hornor & Son,",[],10.5962/bhl.title.96305,monograph,Crossref,0,['Wholesale catalogue : shade and ornamental nursery stock /'],10.5962,"[{'name': 'Chas. B. Hornor & Son.', 'sequence': 'first', 'affiliation': []}, {'name': 'Henry G. Gilbert Nursery and Seed Trade Catalog Collection.', 'sequence': 'additional', 'affiliation': []}]",3444,[],[],1,[],[],0,https://doi.org/10.5962/bhl.title.96305,[],"[[2022, 4, 1]]",2022-04-01T23:46:18Z,1648856778372,[],False,[[1902]],"[[2014, 11, 23]]",2014-11-23T02:01:52Z,1416708112000,"[[2014, 11, 23]]",2014-11-23T02:01:52Z,1416708112000,http://www.biodiversitylibrary.org/bibliography/96305,[[1902]],[[1902]],,,,,,,,,,,,,,,,,
,0,Smithsonian Institution,[],10.5962/p.309945,journal-article,Crossref,0,['An attack by a Hoopoe Upupa epops on a Guttural Toad Amietophrynus gutturalis'],10.5962,"[{'given': 'Gerrut', 'family': 'Norval', 'sequence': 'first', 'affiliation': []}, {'given': 'Dirk', 'family': 'Stevens', 'sequence': 'additional', 'affiliation': []}]",3444,['Bulletin of the African Bird Club'],[],1,[],[],0,https://doi.org/10.5962/p.309945,[],"[[2022, 4, 1]]",2022-04-01T20:02:11Z,1648843331756,[],False,"[[2011, 9]]","[[2021, 4, 3]]",2021-04-03T05:00:20Z,1617426020000,"[[2021, 4, 3]]",2021-04-03T05:00:20Z,1617426020000,https://www.biodiversitylibrary.org/part/309945,"[[2011, 9]]","[[2011, 9]]",215-216,18,['1352-481X'],"[{'value': '1352-481X', 'type': 'print'}]",2,,2,[[2011]],,,,,,,,,
London :,0,"G. Bell and sons,",[],10.5962/bhl.title.119404,monograph,Crossref,0,['A natural history of the nests and eggs of British birds /'],10.5962,"[{'given': 'F. O.', 'family': 'Morris', 'sequence': 'first', 'affiliation': []}]",3444,[],[],1,[],[],0,https://doi.org/10.5962/bhl.title.119404,[],"[[2022, 4, 4]]",2022-04-04T08:43:43Z,1649061823604,[],False,[[1875]],"[[2016, 8, 1]]",2016-08-01T11:21:31Z,1470050491000,"[[2016, 8, 1]]",2016-08-01T11:21:31Z,1470050491000,http://www.biodiversitylibrary.org/bibliography/119404,[[1875]],[[1875]],,,,,,,,,,,,,,,,,
London :,0,"Cassell,",[],10.5962/bhl.title.15608,monograph,Crossref,0,['The Carnation manual / edited and issued by the National Carnation and Picotee Society (Southern Section).'],10.5962,"[{'name': 'National Carnation and Picotee Society (Great Britain).', 'sequence': 'first', 'affiliation': []}]",3444,[],[],1,[],[],0,https://doi.org/10.5962/bhl.title.15608,[],"[[2022, 4, 4]]",2022-04-04T09:16:00Z,1649063760216,[],False,[[1892]],"[[2011, 11, 22]]",2011-11-22T10:40:06Z,1321958406000,"[[2011, 11, 22]]",2011-11-22T10:40:27Z,1321958427000,http://www.biodiversitylibrary.org/bibliography/15608,[[1892]],[[1892]],,,,,,,,,,,,,,,,,
"North Abington, Massachusetts :",0,"Littlefield-Wyman Nurseries,",[],10.5962/bhl.title.135757,monograph,Crossref,0,['Price list : spring 1926 /'],10.5962,"[{'name': 'Littlefield-Wyman Nurseries.', 'sequence': 'first', 'affiliation': []}, {'name': 'Henry G. Gilbert Nursery and Seed Trade Catalog Collection.', 'sequence': 'additional', 'affiliation': []}]",3444,[],[],1,[],[],0,https://doi.org/10.5962/bhl.title.135757,[],"[[2022, 4, 4]]",2022-04-04T06:05:13Z,1649052313924,[],False,[[1926]],"[[2017, 8, 20]]",2017-08-20T01:01:21Z,1503190881000,"[[2017, 8, 20]]",2017-08-20T01:01:21Z,1503190881000,http://www.biodiversitylibrary.org/bibliography/135757,[[1926]],[[1926]],,,,,,,,,,,,,,,,,
,0,Smithsonian Institution,[],10.5962/bhl.part.14617,journal-article,Crossref,1,"['Erinaceus Dauuricus Sundevall, 1842 (Mammalia, Insectivora): Proposed Conservation Under The Plenary Powers. Z.n.(S.) 2222']",10.5962,"[{'given': 'G B', 'family': 'Corbet', 'sequence': 'first', 'affiliation': []}]",3444,['The Bulletin of zoological nomenclature.'],[],1,[],[],0,https://doi.org/10.5962/bhl.part.14617,[],"[[2022, 4, 4]]",2022-04-04T06:08:49Z,1649052529564,[],False,[[1978]],"[[2016, 1, 14]]",2016-01-14T08:20:31Z,1452759631000,"[[2016, 1, 14]]",2016-01-14T08:20:31Z,1452759631000,http://www.biodiversitylibrary.org/part/14617,[[1978]],[[1978]],123-124,35,['0007-5167'],"[{'value': '0007-5167', 'type': 'print'}]",,,,,,,,,,,,,
"Fremont, Neb. :",0,"Yager Nursery & Seed Co.,",[],10.5962/bhl.title.129514,monograph,Crossref,0,['Yager seed &amp; nursery stock /'],10.5962,"[{'name': 'Yager Nursery and Seed Co.', 'sequence': 'first', 'affiliation': []}, {'name': 'Henry G. Gilbert Nursery and Seed Trade Catalog Collection.', 'sequence': 'additional', 'affiliation': []}]",3444,[],[],1,[],[],0,https://doi.org/10.5962/bhl.title.129514,[],"[[2022, 4, 1]]",2022-04-01T01:05:57Z,1648775157265,[],False,[[1923]],"[[2017, 5, 14]]",2017-05-14T05:00:20Z,1494738020000,"[[2017, 5, 14]]",2017-05-14T05:00:20Z,1494738020000,http://www.biodiversitylibrary.org/bibliography/129514,[[1923]],[[1923]],,,,,,,,,,,,,,,,,
"New York,",0,"McBride, Winston & co.,",[],10.5962/bhl.title.41983,monograph,Crossref,0,"['The garden primer; a practical handbook on the elements of gardening for beginners,']",10.5962,"[{'given': 'Grace. [from old catalog]', 'family': 'Tabor', 'sequence': 'first', 'affiliation': []}, {'given': 'Gardner Callahan', 'family': 'Teall', 'sequence': 'additional', 'affiliation': []}]",3444,[],[],1,[],[],0,https://doi.org/10.5962/bhl.title.41983,[],"[[2022, 4, 1]]",2022-04-01T03:10:17Z,1648782617057,[],False,[[1910]],"[[2011, 11, 23]]",2011-11-23T12:17:12Z,1322050632000,"[[2011, 11, 23]]",2011-11-23T12:17:27Z,1322050647000,http://www.biodiversitylibrary.org/bibliography/41983,[[1910]],[[1910]],,,,,,,,,,,,,,,,,
"Christiania,",0,"Grøndahl & søns bogtrykkeri,",[],10.5962/bhl.title.99416,monograph,Crossref,0,"['Om arbeiderforholdene i landbruget. Foredrag ved den 2den nordiske Landbrugskongres i Stockholm den 20 de juli 1897,']",10.5962,"[{'given': 'Jonas', 'family': 'Smitt', 'sequence': 'first', 'affiliation': []}]",3444,[],[],1,[],[],0,https://doi.org/10.5962/bhl.title.99416,[],"[[2022, 4, 4]]",2022-04-04T04:33:24Z,1649046804147,[],False,[[1897]],"[[2015, 4, 3]]",2015-04-03T10:04:59Z,1428055499000,"[[2015, 4, 3]]",2015-04-03T10:04:59Z,1428055499000,http://www.biodiversitylibrary.org/bibliography/99416,[[1897]],[[1897]],,,,,,,,,,,,,,,,,
,0,International Virtual Observatory Alliance,[],10.5479/ads/bib/2007ivoa.spec.0402m,standard,Crossref,0,['The UCD1+ controlled vocabulary Version 1.23'],10.5479,"[{'given': 'Andrea', 'family': 'Preite Martinez', 'sequence': 'first', 'affiliation': []}, {'given': 'Sebastien', 'family': 'Derriere', 'sequence': 'additional', 'affiliation': []}, {'given': 'Nausicaa', 'family': 'Delmotte', 'sequence': 'additional', 'affiliation': []}, {'given': 'Norman', 'family': 'Gray', 'sequence': 'additional', 'affiliation': []}, {'given': 'Robert', 'family': 'Mann', 'sequence': 'additional', 'affiliation': []}, {'given': 'Jonathan', 'family': 'McDowell', 'sequence': 'additional', 'affiliation': []}, {'given': 'Thomas', 'family': 'Mc Glynn', 'sequence': 'additional', 'affiliation': []}, {'given': 'François', 'family': 'Ochsenbein', 'sequence': 'additional', 'affiliation': []}, {'given': 'Pedro', 'family': 'Osuna', 'sequence': 'additional', 'affiliation': []}, {'given': 'Guy', 'family': 'Rixon', 'sequence': 'additional', 'affiliation': []}, {'given': 'Roy', 'family': 'Williams', 'sequence': 'additional', 'affiliation': []}]",3444,[],[],1,[],[],0,https://doi.org/10.5479/ads/bib/2007ivoa.spec.0402m,[],"[[2022, 3, 31]]",2022-03-31T19:55:54Z,1648756554754,[],False,,"[[2019, 5, 17]]",2019-05-17T16:44:31Z,1558111471000,"[[2019, 5, 17]]",2019-05-17T16:44:42Z,1558111482000,http://ui.adsabs.harvard.edu/abs/2007ivoa.spec.0402M/abstract,[[None]],,,,,,,,,,,,,,,"[{'given': 'Andrea', 'family': 'Preite Martinez', 'sequence': 'first', 'affiliation': []}, {'given': 'Sebastien', 'family': 'Derriere', 'sequence': 'additional', 'affiliation': []}]",International Virtual Observatory Alliance,IVOA,"[[2007, 4]]"
"[Washington, D.C.] :",0,"[United States Department of Agriculture], Forest Service,",[],10.5962/bhl.title.124978,monograph,Crossref,0,['Improve your farm woods /'],10.5962,"[{'name': 'United States.', 'sequence': 'first', 'affiliation': []}]",3444,[],[],1,[],[],0,https://doi.org/10.5962/bhl.title.124978,[],"[[2022, 4, 4]]",2022-04-04T06:06:46Z,1649052406481,[],False,[[1933]],"[[2017, 2, 13]]",2017-02-13T01:02:19Z,1486947739000,"[[2017, 2, 13]]",2017-02-13T01:02:19Z,1486947739000,http://www.biodiversitylibrary.org/bibliography/124978,[[1933]],[[1933]],,,,,,,,,,,,,,,,,
"Victoria, B.C. :",0,"Bureau of Provincial Information,",[],10.5962/bhl.title.131271,monograph,Crossref,0,['The timber and pulp wood industries of British Columbia /'],10.5962,"[{'name': 'British Columbia.', 'sequence': 'first', 'affiliation': []}, {'name': 'Vancouver Tourist Association', 'sequence': 'additional', 'affiliation': []}]",3444,[],[],1,[],[],0,https://doi.org/10.5962/bhl.title.131271,[],"[[2022, 4, 4]]",2022-04-04T05:10:20Z,1649049020347,[],False,[[1905]],"[[2017, 6, 11]]",2017-06-11T05:03:18Z,1497157398000,"[[2017, 6, 11]]",2017-06-11T05:03:18Z,1497157398000,http://www.biodiversitylibrary.org/bibliography/131271,[[1905]],[[1905]],,,,,,,,,,,,,,,,,
"Auburn, N.Y. :",0,"Smith-Dewitt Seed Co.,",[],10.5962/bhl.title.134512,monograph,Crossref,0,"[""Smith's choice : oriental and domestic novelties : [catalog] /""]",10.5962,"[{'name': 'Smith-Dewitt Seed Co.', 'sequence': 'first', 'affiliation': []}, {'name': 'Henry G. Gilbert Nursery and Seed Trade Catalog Collection.', 'sequence': 'additional', 'affiliation': []}]",3444,[],[],1,[],[],0,https://doi.org/10.5962/bhl.title.134512,[],"[[2022, 3, 31]]",2022-03-31T23:55:18Z,1648770918914,[],False,[[1925]],"[[2017, 8, 6]]",2017-08-06T05:03:22Z,1501995802000,"[[2017, 8, 6]]",2017-08-06T05:03:22Z,1501995802000,http://www.biodiversitylibrary.org/bibliography/134512,[[1925]],[[1925]],,,,,,,,,,,,,,,,,
"Painesville, Ohio :",0,"Storrs and Harrison Co.,",[],10.5962/bhl.title.96290,monograph,Crossref,0,['Spring 1902 /'],10.5962,"[{'name': 'Storrs & Harrison Co.', 'sequence': 'first', 'affiliation': []}, {'name': 'Henry G. Gilbert Nursery and Seed Trade Catalog Collection.', 'sequence': 'additional', 'affiliation': []}]",3444,[],[],1,[],[],0,https://doi.org/10.5962/bhl.title.96290,[],"[[2022, 3, 31]]",2022-03-31T20:37:43Z,1648759063312,[],False,[[1902]],"[[2014, 11, 23]]",2014-11-23T07:00:53Z,1416726053000,"[[2014, 11, 23]]",2014-11-23T07:00:53Z,1416726053000,http://www.biodiversitylibrary.org/bibliography/96290,[[1902]],[[1902]],,,,,,,,,,,,,,,,,
,0,Smithsonian Institution,[],10.5962/p.319258,journal-article,Crossref,0,"['Tawny Thrush, Turdus wilsonii, Bonap. [Pl. 145]']",10.5962,"[{'given': 'John James', 'family': 'Audubon', 'sequence': 'first', 'affiliation': []}]",3444,['The birds of America : from drawings made in the United States and their territories'],[],1,[],[],0,https://doi.org/10.5962/p.319258,[],"[[2022, 4, 4]]",2022-04-04T07:11:00Z,1649056260275,[],False,[[1841]],"[[2021, 8, 24]]",2021-08-24T05:02:12Z,1629781332000,"[[2021, 8, 24]]",2021-08-24T05:02:12Z,1629781332000,https://www.biodiversitylibrary.org/part/319258,[[1841]],[[1841]],27-29,3,,,,,,,,,,,,,,,
[France :,0,"s.n.],",[],10.5962/bhl.title.160246,monograph,Crossref,0,"['Langage des fleurs, ou, Histoires morales /']",10.5962,"[{'given': 'H.', 'family': 'Duru', 'sequence': 'first', 'affiliation': []}]",3444,[],[],1,[],[],0,https://doi.org/10.5962/bhl.title.160246,[],"[[2022, 4, 1]]",2022-04-01T19:52:25Z,1648842745937,[],False,[[1830]],"[[2019, 8, 18]]",2019-08-18T05:00:16Z,1566104416000,"[[2019, 8, 18]]",2019-08-18T05:00:16Z,1566104416000,https://www.biodiversitylibrary.org/bibliography/160246,[[1830]],[[1830]],,,,,,,,,,,,,,,,,
"Torino,",0,"Giuseppe Cassone,",[],10.5962/bhl.title.6118,monograph,Crossref,0,"['Flora medico-farmaceutica, compilata dal dottore ... Felice Cassone ...']",10.5962,"[{'given': 'Felice', 'family': 'Cassone', 'sequence': 'first', 'affiliation': []}]",3444,[],[],1,[],[],0,https://doi.org/10.5962/bhl.title.6118,[],"[[2022, 4, 1]]",2022-04-01T21:31:23Z,1648848683925,[],False,[[1847]],"[[2011, 11, 18]]",2011-11-18T20:13:17Z,1321647197000,"[[2011, 11, 18]]",2011-11-18T20:13:36Z,1321647216000,http://www.biodiversitylibrary.org/bibliography/6118,[[1847]],[[1847]],,,,,,,,,,,,,,,,,
London :,0,"Chapman and Hall,",[],10.5962/bhl.title.25933,monograph,Crossref,0,['Sport / by W. Bromley-Davenport ; illustrated by Henry Hope Crealocke.'],10.5962,"[{'given': 'William', 'family': 'Bromley-Davenport', 'sequence': 'first', 'affiliation': []}, {'given': 'Henry Hope', 'family': 'Crealocke', 'sequence': 'additional', 'affiliation': []}]",3444,[],[],1,[],[],0,https://doi.org/10.5962/bhl.title.25933,[],"[[2022, 4, 1]]",2022-04-01T21:46:40Z,1648849600717,[],False,[[1885]],"[[2011, 11, 22]]",2011-11-22T15:33:19Z,1321975999000,"[[2011, 11, 22]]",2011-11-22T15:33:34Z,1321976014000,http://www.biodiversitylibrary.org/bibliography/25933,[[1885]],[[1885]],,,,,,,,,,,,,,,,,
"Upper Darby, Pa. :",0,"Northeastern Forest Experiment Station,",[],10.5962/bhl.title.84489,monograph,Crossref,0,['Trees-- helping to clean our air??'],10.5962,"[{'name': 'Northeastern Forest Experiment Station (Radnor, Pa.)', 'sequence': 'first', 'affiliation': []}]",3444,[],[],1,[],[],0,https://doi.org/10.5962/bhl.title.84489,[],"[[2022, 4, 1]]",2022-04-01T02:43:04Z,1648780984993,[],False,[[1977]],"[[2014, 6, 24]]",2014-06-24T06:00:57Z,1403589657000,"[[2014, 6, 24]]",2014-06-24T06:00:57Z,1403589657000,http://www.biodiversitylibrary.org/bibliography/84489,[[1977]],[[1977]],,,,,,,,,,,,,,,,,
"Marysville, California :",0,"Donald Morse Nursery,",[],10.5962/bhl.title.133707,monograph,Crossref,0,"['Price list : January 1, 1925 /']",10.5962,"[{'name': 'Donald Morse Nursery.', 'sequence': 'first', 'affiliation': []}, {'name': 'Henry G. Gilbert Nursery and Seed Trade Catalog Collection.', 'sequence': 'additional', 'affiliation': []}]",3444,[],[],1,[],[],0,https://doi.org/10.5962/bhl.title.133707,[],"[[2022, 4, 1]]",2022-04-01T02:39:25Z,1648780765435,[],False,[[1925]],"[[2017, 7, 26]]",2017-07-26T13:45:00Z,1501076700000,"[[2017, 7, 29]]",2017-07-29T05:10:18Z,1501305018000,http://www.biodiversitylibrary.org/bibliography/133707,[[1925]],[[1925]],,,,,,,,,,,,,,,,,
,0,Smithsonian Institution,[],10.5962/p.321505,journal-article,Crossref,0,['Native and Foreign Trees'],10.5962,,3444,"['Bulletin of popular information - Arnold Arboretum, Harvard University.']",[],1,[],[],0,https://doi.org/10.5962/p.321505,[],"[[2022, 4, 1]]",2022-04-01T00:27:15Z,1648772835738,[],False,"[[1924, 7, 17]]","[[2021, 9, 17]]",2021-09-17T06:48:42Z,1631861322000,"[[2021, 9, 17]]",2021-09-17T06:48:43Z,1631861323000,https://www.biodiversitylibrary.org/part/321505,"[[1924, 7, 17]]","[[1924, 7, 17]]",49-52,10,['0196-6057'],"[{'value': '0196-6057', 'type': 'print'}]",13,,13,"[[1924, 7, 17]]",,,,,,,,,
